                  epoch,         train/box_loss,         train/cls_loss,         train/dfl_loss,   metrics/precision(B),      metrics/recall(B),       metrics/mAP50(B),    metrics/mAP50-95(B),           val/box_loss,           val/cls_loss,           val/dfl_loss,                 lr/pg0,                 lr/pg1,                 lr/pg2
                      0,                 1.9822,                 4.1505,                 1.6088,                0.00279,                0.83673,                0.04395,                 0.0187,                 2.0868,                 4.2883,                 1.5972,               0.070462,              0.0032821,              0.0032821
                      1,                 1.7723,                 2.9226,                 1.3586,                0.25019,                0.33333,                0.19749,                0.07728,                 2.2085,                 3.4761,                 1.5367,               0.037187,              0.0033408,              0.0033408
