                  epoch,         train/box_loss,         train/cls_loss,         train/dfl_loss,   metrics/precision(B),      metrics/recall(B),       metrics/mAP50(B),    metrics/mAP50-95(B),           val/box_loss,           val/cls_loss,           val/dfl_loss,                 lr/pg0,                 lr/pg1,                 lr/pg2
                      0,                 1.9126,                 2.2082,                 1.6015,                0.50113,                 0.5102,                0.43573,                0.19083,                 2.1039,                 2.0964,                 1.7043,               0.067508,             0.00032821,             0.00032821
                      1,                 1.7697,                 1.5097,                 1.4963,                0.55325,                0.57823,                0.53745,                0.23499,                 1.8792,                 1.6667,                 1.5148,               0.034377,             0.00053055,             0.00053055
                      2,                 1.7332,                 1.4293,                 1.4752,                0.70915,                0.69388,                0.68248,                0.32038,                 1.6903,                 1.5849,                 1.3701,              0.0011137,              0.0006009,              0.0006009
                      3,                 1.6476,                 1.3108,                 1.4163,                0.77688,                0.78164,                0.80457,                0.40174,                 1.6688,                 1.2113,                 1.4053,               0.000406,               0.000406,               0.000406
                      4,                 1.6206,                 1.1903,                 1.4143,                0.79132,                0.77389,                 0.8312,                0.41159,                 1.6338,                 1.1401,                 1.3761,               0.000406,               0.000406,               0.000406
