{"0":{"                  epoch":0,"         train\/box_loss":1.9822,"         train\/cls_loss":4.1505,"         train\/dfl_loss":1.6088,"   metrics\/precision(B)":0.00279,"      metrics\/recall(B)":0.83673,"       metrics\/mAP50(B)":0.04395,"    metrics\/mAP50-95(B)":0.0187,"           val\/box_loss":2.0868,"           val\/cls_loss":4.2883,"           val\/dfl_loss":1.5972,"                 lr\/pg0":0.070462,"                 lr\/pg1":0.0032821,"                 lr\/pg2":0.0032821},"1":{"                  epoch":1,"         train\/box_loss":1.7723,"         train\/cls_loss":2.9226,"         train\/dfl_loss":1.3586,"   metrics\/precision(B)":0.25019,"      metrics\/recall(B)":0.33333,"       metrics\/mAP50(B)":0.19749,"    metrics\/mAP50-95(B)":0.07728,"           val\/box_loss":2.2085,"           val\/cls_loss":3.4761,"           val\/dfl_loss":1.5367,"                 lr\/pg0":0.037187,"                 lr\/pg1":0.0033408,"                 lr\/pg2":0.0033408}}